toolId,Estado propuesto,Publicar ahora,Resolución,Motivo,Criterio para activar,Nota,Requiere verificación contra HEAD
compress,certified,Sí,enabled,Herramienta de alcance limitado que puede certificarse sin promesas de fidelidad no demostradas.,"Procesa un fixture real, genera archivo no vacío, se reabre y conserva la semántica prometida.","Compresion JPEG/PNG con control de calidad por la UI real. Certificada por harness tests/gate-e2e-image-converters.mjs (2026-08-10): 87/87 (descarga con magic correcto, salida reabierta y verificada, batchCompress ZIP, sin red externa, cero errores de consola). Evidencia: TLT-certify-image-converters-evidence.json.",No
crop,certified,Sí,enabled,Vista previa con marco de recorte arrastrable y zoom/offset reflejados en tiempo real; dimensiones exactas de salida.,"Preview con marco y rejilla, arrastre reposiciona el recorte, presets y formato de salida, dimensiones exactas verificables.",Verificado por harness tests/verify-image-family.mjs (2026-08-04). Certificada por harness: image-family-evidence.,No
convert,certified,Sí,enabled,Herramienta de alcance limitado que puede certificarse sin promesas de fidelidad no demostradas.,"Procesa un fixture real, genera archivo no vacío, se reabre y conserva la semántica prometida.","Conversion directa JPEG/PNG/WebP por la UI real. Certificada por harness tests/gate-e2e-image-converters.mjs (2026-08-10): 87/87 (descarga con magic correcto, salida reabierta y verificada, batchCompress ZIP, sin red externa, cero errores de consola). Evidencia: TLT-certify-image-converters-evidence.json.",No
batchCompress,certified,Sí,enabled,Herramienta de alcance limitado que puede certificarse sin promesas de fidelidad no demostradas.,"Procesa un fixture real, genera archivo no vacío, se reabre y conserva la semántica prometida.","Compresion por lote con salida ZIP. Certificada por harness tests/gate-e2e-image-converters.mjs (2026-08-10): 87/87 (descarga con magic correcto, salida reabierta y verificada, batchCompress ZIP, sin red externa, cero errores de consola). Evidencia: TLT-certify-image-converters-evidence.json.",No
stripMetadata,certified,Sí,enabled,Re-codificación honesta: elimina todos los metadatos a la vez (EXIF/XMP/IPTC). auto conserva el formato original y JPG ya no se convierte a WebP en silencio.,"auto conserva formato original, selección JPG respetada con fondo blanco, mensaje claro de recodificación total, sin categorías decorativas.",Verificado por harness tests/verify-image-family.mjs (2026-08-04). Certificada por harness: image-family-evidence.,No
socialCrop,certified,Sí,enabled,"Editor visual con zoom, rotación, volteo y arrastre; la descarga respeta exactamente la vista previa (zoom aplicado en la salida).","Vista previa interactiva, presets de plataforma, recorte circular, zoom/offset/flips/rotación reflejados en la descarga.",Verificado por harness tests/verify-image-family.mjs (2026-08-04). Certificada por harness: image-family-evidence.,No
removeObjects,certified,Sí,enabled,Verificada por harness tests/gate-e2e-image-tools.mjs (2026-08-05): pincel real sobre zona roja en fondo azul → inpainting por difusión; el centro pasa de rojo a azul y el fondo se preserva; salida PNG 200x100; 21/21 en la suite.,"Editor visual accesible, móvil, deshacer/rehacer, vista previa fiel y reapertura del resultado.",Certificada por harness: image-interactive-evidence.,No
signature,certified,Sí,enabled,"Verificada por harness tests/gate-e2e-image-tools.mjs (2026-08-05): umbral, suavidad y recorte; PNG 200x100 blanco con tinta negra → 96x86 con tinta #173b62 opaca y fondo transparente verificado por píxeles; 21/21 en la suite.","Editor visual accesible, móvil, deshacer/rehacer, vista previa fiel y reapertura del resultado.",Certificada por harness: image-interactive-evidence.,No
mergePdf,certified,Sí,enabled,"Necesita workspace de páginas, motor no soportado, OCR revisable o validación de seguridad.","Vista de páginas legible, controles móviles/teclado, historial y validación semántica del PDF reabierto.",Certificada por harness: pdf-family-evidence.,No
imagesPdf,certified,Sí,enabled,"Necesita editor visual, comparación, corrección manual, seguridad de censura o validación de salida.","Editor visual accesible, móvil, deshacer/rehacer, vista previa fiel y reapertura del resultado.",Certificada por harness: pdf-family-evidence.,No
splitPdf,certified,Sí,enabled,"Necesita workspace de páginas, motor no soportado, OCR revisable o validación de seguridad.","Vista de páginas legible, controles móviles/teclado, historial y validación semántica del PDF reabierto.",Certificada por harness: pdf-family-evidence.,No
reorderPdf,certified,Sí,enabled,"Necesita workspace de páginas, motor no soportado, OCR revisable o validación de seguridad.","Vista de páginas legible, controles móviles/teclado, historial y validación semántica del PDF reabierto.",Certificada por harness: pdf-family-evidence.,No
pdfToImages,certified,Sí,enabled,"Necesita workspace de páginas, motor no soportado, OCR revisable o validación de seguridad.","Vista de páginas legible, controles móviles/teclado, historial y validación semántica del PDF reabierto.",Certificada por harness: pdf-family-evidence.,No
signPdf,certified,Sí,enabled,"Necesita workspace de páginas, motor no soportado, OCR revisable o validación de seguridad.","Vista de páginas legible, controles móviles/teclado, historial y validación semántica del PDF reabierto.",Certificada por harness: pdf-family-evidence.,No
docPhoto,certified,Sí,enabled,"Necesita editor visual, comparación, corrección manual, seguridad de censura o validación de salida.","Editor visual accesible, móvil, deshacer/rehacer, vista previa fiel y reapertura del resultado.",Certificada por harness: image-family-evidence.,No
censor,certified,Sí,enabled,"Necesita editor visual, comparación, corrección manual, seguridad de censura o validación de salida.","Editor visual accesible, móvil, deshacer/rehacer, vista previa fiel y reapertura del resultado.",Certificada por harness: image-family-evidence.,No
fixFormat,certified,Sí,enabled,"Necesita editor visual, comparación, corrección manual, seguridad de censura o validación de salida.","Editor visual accesible, móvil, deshacer/rehacer, vista previa fiel y reapertura del resultado.",Certificada por harness: image-family-evidence.,No
rescueDoc,certified,Sí,enabled,"Necesita editor visual, comparación, corrección manual, seguridad de censura o validación de salida.","Editor visual accesible, móvil, deshacer/rehacer, vista previa fiel y reapertura del resultado.",Certificada por harness: image-family-evidence.,No
fileCompliance,certified,Sí,enabled,"Validación aprobado/incumplimiento con badges (sin emojis como iconos) y ajuste iterativo de peso, dimensiones y formato.","Analizar lista checks, badge Cumple/No cumple, descarga <= maxKB cuando es alcanzable, mensaje con requisitos pendientes, sin emojis.",Verificado por harness tests/verify-image-family.mjs (2026-08-04). Certificada por harness: image-family-evidence.,No
workflow,certified,Sí,enabled,Verificada por harness tests/gate-e2e-image-tools.mjs (2026-08-05): flujo encadenado rotar 90°→redimensionar 1080→voltear; 200x100 → 1080x2160 en WebP (RIFF/WEBP) probando el orden de operaciones; 21/21. Fix de plural 'operaciones' en app.js durante la certificación.,"Editor visual accesible, móvil, deshacer/rehacer, vista previa fiel y reapertura del resultado.",Certificada por harness: image-interactive-evidence.,No
advancedConvert,certified,Sí,enabled,"Necesita editor visual, comparación, corrección manual, seguridad de censura o validación de salida.","Editor visual accesible, móvil, deshacer/rehacer, vista previa fiel y reapertura del resultado.",Certificada por harness: image-family-evidence.,No
jpg-to-png,certified,Sí,enabled,"Verificada por harness tests/verify-23-tools.mjs (2026-08-03): flujo UI real con descarga, magic bytes del formato esperado, decodificacion/ZIP/PDF validado y manejo de entrada invalida; suite completa 240 checks / 0 fallos.","Procesa fixture real por la UI, genera descarga con magic bytes y extension esperados y no lanza errores no controlados.","Conversion JPEG->PNG por UI (toolId convert). Certificada por harness tests/gate-e2e-image-converters.mjs (2026-08-10): 87/87 (descarga con magic correcto, salida reabierta y verificada, batchCompress ZIP, sin red externa, cero errores de consola). Evidencia: TLT-certify-image-converters-evidence.json.",No
png-to-jpg,certified,Sí,enabled,"Verificada por harness tests/verify-23-tools.mjs (2026-08-03): flujo UI real con descarga, magic bytes del formato esperado, decodificacion/ZIP/PDF validado y manejo de entrada invalida; suite completa 240 checks / 0 fallos.","Procesa fixture real por la UI, genera descarga con magic bytes y extension esperados y no lanza errores no controlados.","Conversion PNG->JPEG por UI (toolId convert). Certificada por harness tests/gate-e2e-image-converters.mjs (2026-08-10): 87/87 (descarga con magic correcto, salida reabierta y verificada, batchCompress ZIP, sin red externa, cero errores de consola). Evidencia: TLT-certify-image-converters-evidence.json.",No
jpg-to-webp,certified,Sí,enabled,"Verificada por harness tests/verify-23-tools.mjs (2026-08-03): flujo UI real con descarga, magic bytes del formato esperado, decodificacion/ZIP/PDF validado y manejo de entrada invalida; suite completa 240 checks / 0 fallos.","Procesa fixture real por la UI, genera descarga con magic bytes y extension esperados y no lanza errores no controlados.","Conversion JPEG->WebP por UI (toolId convert). Certificada por harness tests/gate-e2e-image-converters.mjs (2026-08-10): 87/87 (descarga con magic correcto, salida reabierta y verificada, batchCompress ZIP, sin red externa, cero errores de consola). Evidencia: TLT-certify-image-converters-evidence.json.",No
webp-to-jpg,certified,Sí,enabled,"Verificada por harness tests/verify-23-tools.mjs (2026-08-03): flujo UI real con descarga, magic bytes del formato esperado, decodificacion/ZIP/PDF validado y manejo de entrada invalida; suite completa 240 checks / 0 fallos.","Procesa fixture real por la UI, genera descarga con magic bytes y extension esperados y no lanza errores no controlados.","Conversion WebP->JPEG por UI (toolId convert). Certificada por harness tests/gate-e2e-image-converters.mjs (2026-08-10): 87/87 (descarga con magic correcto, salida reabierta y verificada, batchCompress ZIP, sin red externa, cero errores de consola). Evidencia: TLT-certify-image-converters-evidence.json.",No
png-to-webp,certified,Sí,enabled,"Verificada por harness tests/verify-23-tools.mjs (2026-08-03): flujo UI real con descarga, magic bytes del formato esperado, decodificacion/ZIP/PDF validado y manejo de entrada invalida; suite completa 240 checks / 0 fallos.","Procesa fixture real por la UI, genera descarga con magic bytes y extension esperados y no lanza errores no controlados.","Conversion PNG->WebP por UI (toolId convert). Certificada por harness tests/gate-e2e-image-converters.mjs (2026-08-10): 87/87 (descarga con magic correcto, salida reabierta y verificada, batchCompress ZIP, sin red externa, cero errores de consola). Evidencia: TLT-certify-image-converters-evidence.json.",No
webp-to-png,certified,Sí,enabled,"Verificada por harness tests/verify-23-tools.mjs (2026-08-03): flujo UI real con descarga, magic bytes del formato esperado, decodificacion/ZIP/PDF validado y manejo de entrada invalida; suite completa 240 checks / 0 fallos.","Procesa fixture real por la UI, genera descarga con magic bytes y extension esperados y no lanza errores no controlados.","Conversion WebP->PNG por UI (toolId convert). Certificada por harness tests/gate-e2e-image-converters.mjs (2026-08-10): 87/87 (descarga con magic correcto, salida reabierta y verificada, batchCompress ZIP, sin red externa, cero errores de consola). Evidencia: TLT-certify-image-converters-evidence.json.",No
jpg-to-pdf,certified,Sí,enabled,"Verificada por harness tests/verify-23-tools.mjs (2026-08-03): flujo UI real con descarga, magic bytes del formato esperado, decodificacion/ZIP/PDF validado y manejo de entrada invalida; suite completa 240 checks / 0 fallos.","Procesa fixture real por la UI, genera descarga con magic bytes y extension esperados y no lanza errores no controlados.","Conversion JPEG->PDF por UI (toolId imagesPdf); PDF reabierto y validado. Certificada por harness tests/gate-e2e-image-converters.mjs (2026-08-10): 87/87 (descarga con magic correcto, salida reabierta y verificada, batchCompress ZIP, sin red externa, cero errores de consola). Evidencia: TLT-certify-image-converters-evidence.json.",No
png-to-pdf,certified,Sí,enabled,"Verificada por harness tests/verify-23-tools.mjs (2026-08-03): flujo UI real con descarga, magic bytes del formato esperado, decodificacion/ZIP/PDF validado y manejo de entrada invalida; suite completa 240 checks / 0 fallos.","Procesa fixture real por la UI, genera descarga con magic bytes y extension esperados y no lanza errores no controlados.","Conversion PNG->PDF por UI (toolId imagesPdf); PDF reabierto y validado. Certificada por harness tests/gate-e2e-image-converters.mjs (2026-08-10): 87/87 (descarga con magic correcto, salida reabierta y verificada, batchCompress ZIP, sin red externa, cero errores de consola). Evidencia: TLT-certify-image-converters-evidence.json.",No
pdf-to-jpg,certified,Sí,enabled,"Verificada por harness tests/verify-23-tools.mjs (2026-08-03): flujo UI real con descarga, magic bytes del formato esperado, decodificacion/ZIP/PDF validado y manejo de entrada invalida; suite completa 240 checks / 0 fallos.","Procesa fixture real por la UI, genera descarga con magic bytes y extension esperados y no lanza errores no controlados.","PDF->ZIP de JPG por UI (toolId pdfToImages); JPG con magic correcto. Certificada por harness tests/gate-e2e-image-converters.mjs (2026-08-10): 87/87 (descarga con magic correcto, salida reabierta y verificada, batchCompress ZIP, sin red externa, cero errores de consola). Evidencia: TLT-certify-image-converters-evidence.json.",No
pdf-to-png,certified,Sí,enabled,"Verificada por harness tests/verify-23-tools.mjs (2026-08-03): flujo UI real con descarga, magic bytes del formato esperado, decodificacion/ZIP/PDF validado y manejo de entrada invalida; suite completa 240 checks / 0 fallos.","Procesa fixture real por la UI, genera descarga con magic bytes y extension esperados y no lanza errores no controlados.","PDF->ZIP de PNG por UI (toolId pdfToImages); PNG con magic correcto. Certificada por harness tests/gate-e2e-image-converters.mjs (2026-08-10): 87/87 (descarga con magic correcto, salida reabierta y verificada, batchCompress ZIP, sin red externa, cero errores de consola). Evidencia: TLT-certify-image-converters-evidence.json.",No
wordToPdf,certified,Sí,enabled,Verificada por harness tests/gate-e2e-word-tools.mjs (2026-08-05): PDF válido con texto extraíble del DOCX (encabezado y párrafo verificados por pdfjs); suite 20 herramientas 67/67 (0 fallos) con fixtures DOCX/ODT/RTF reales generados en el navegador.,"Corpus DOCX/ODT/RTF real, comparación estructural, imágenes/tablas/estilos conservados y reapertura.",Evidencia: artifacts/deep-audit/toolisto/TLT-certify-word-family-evidence.json Certificada por harness: word-family-evidence.,No
wordToJpg,certified,Sí,enabled,Verificada por harness tests/gate-e2e-word-tools.mjs (2026-08-05): JPG 800×462 con el documento renderizado; suite 20 herramientas 67/67 (0 fallos) con fixtures DOCX/ODT/RTF reales generados en el navegador.,"Corpus DOCX/ODT/RTF real, comparación estructural, imágenes/tablas/estilos conservados y reapertura.",Evidencia: artifacts/deep-audit/toolisto/TLT-certify-word-family-evidence.json Certificada por harness: word-family-evidence.,No
wordToPng,certified,Sí,enabled,Verificada por harness tests/gate-e2e-word-tools.mjs (2026-08-05): PNG 800×462 con el documento renderizado; suite 20 herramientas 67/67 (0 fallos) con fixtures DOCX/ODT/RTF reales generados en el navegador.,"Corpus DOCX/ODT/RTF real, comparación estructural, imágenes/tablas/estilos conservados y reapertura.",Evidencia: artifacts/deep-audit/toolisto/TLT-certify-word-family-evidence.json Certificada por harness: word-family-evidence.,No
wordToTxt,certified,Sí,enabled,Herramienta de alcance limitado que puede certificarse sin promesas de fidelidad no demostradas.,"Procesa un fixture real, genera archivo no vacío, se reabre y conserva la semántica prometida.","Extraccion de texto DOCX por UI real (mammoth); conserva parrafos. Certificada por harness tests/gate-e2e-docs-extras.mjs (2026-08-10): 41/41 (boton deshabilitado/habilitado segun tipo, descarga .txt, texto y parrafos verificados, negativo con TXT, sin red externa, cero errores de consola). Evidencia: TLT-certify-docs-extras-evidence.json.",No
wordToHtml,certified,Sí,enabled,Verificada por harness tests/gate-e2e-word-tools.mjs (2026-08-05): HTML con <html> y el texto del documento (mammoth); suite 20 herramientas 67/67 (0 fallos) con fixtures DOCX/ODT/RTF reales generados en el navegador.,"Corpus DOCX/ODT/RTF real, comparación estructural, imágenes/tablas/estilos conservados y reapertura.",Evidencia: artifacts/deep-audit/toolisto/TLT-certify-word-family-evidence.json Certificada por harness: word-family-evidence.,No
wordToMarkdown,certified,Sí,enabled,Verificada por harness tests/gate-e2e-word-tools.mjs (2026-08-05): Markdown con el título y el párrafo del documento; suite 20 herramientas 67/67 (0 fallos) con fixtures DOCX/ODT/RTF reales generados en el navegador.,"Corpus DOCX/ODT/RTF real, comparación estructural, imágenes/tablas/estilos conservados y reapertura.",Evidencia: artifacts/deep-audit/toolisto/TLT-certify-word-family-evidence.json Certificada por harness: word-family-evidence.,No
wordToEpub,certified,Sí,enabled,"Verificada por harness tests/gate-e2e-word-tools.mjs (2026-08-05): EPUB con mimetype, dc:title y capítulos con contenido; suite 20 herramientas 67/67 (0 fallos) con fixtures DOCX/ODT/RTF reales generados en el navegador.","Corpus DOCX/ODT/RTF real, comparación estructural, imágenes/tablas/estilos conservados y reapertura.",Evidencia: artifacts/deep-audit/toolisto/TLT-certify-word-family-evidence.json Certificada por harness: word-family-evidence.,No
wordToOdt,certified,Sí,enabled,Verificada por harness tests/gate-e2e-word-tools.mjs (2026-08-05): ODT con mimetype y content.xml conservando el texto; suite 20 herramientas 67/67 (0 fallos) con fixtures DOCX/ODT/RTF reales generados en el navegador.,"Corpus DOCX/ODT/RTF real, comparación estructural, imágenes/tablas/estilos conservados y reapertura.",Evidencia: artifacts/deep-audit/toolisto/TLT-certify-word-family-evidence.json Certificada por harness: word-family-evidence.,No
odtToWord,certified,Sí,enabled,Verificada por harness tests/gate-e2e-word-tools.mjs (2026-08-05): DOCX válido que conserva el texto del ODT; suite 20 herramientas 67/67 (0 fallos) con fixtures DOCX/ODT/RTF reales generados en el navegador.,"Corpus DOCX/ODT/RTF real, comparación estructural, imágenes/tablas/estilos conservados y reapertura.",Evidencia: artifacts/deep-audit/toolisto/TLT-certify-word-family-evidence.json Certificada por harness: word-family-evidence.,No
rtfToWord,certified,Sí,enabled,Verificada por harness tests/gate-e2e-word-tools.mjs (2026-08-05): DOCX válido que conserva el texto del RTF; suite 20 herramientas 67/67 (0 fallos) con fixtures DOCX/ODT/RTF reales generados en el navegador.,"Corpus DOCX/ODT/RTF real, comparación estructural, imágenes/tablas/estilos conservados y reapertura.",Evidencia: artifacts/deep-audit/toolisto/TLT-certify-word-family-evidence.json Certificada por harness: word-family-evidence.,No
mergeWord,certified,Sí,enabled,Verificada por harness tests/gate-e2e-word-tools.mjs (2026-08-05): 2 DOCX fusionados con contenido de ambos; suite 20 herramientas 67/67 (0 fallos) con fixtures DOCX/ODT/RTF reales generados en el navegador.,"Corpus DOCX/ODT/RTF real, comparación estructural, imágenes/tablas/estilos conservados y reapertura.",Evidencia: artifacts/deep-audit/toolisto/TLT-certify-word-family-evidence.json Certificada por harness: word-family-evidence.,No
splitWord,certified,Sí,enabled,Verificada por harness tests/gate-e2e-word-tools.mjs (2026-08-05): 2 partes DOCX válidas y reabiertas; suite 20 herramientas 67/67 (0 fallos) con fixtures DOCX/ODT/RTF reales generados en el navegador.,"Corpus DOCX/ODT/RTF real, comparación estructural, imágenes/tablas/estilos conservados y reapertura.",Evidencia: artifacts/deep-audit/toolisto/TLT-certify-word-family-evidence.json Certificada por harness: word-family-evidence.,No
repairWord,certified,Sí,enabled,"Verificada por harness tests/gate-e2e-word-tools.mjs (2026-08-05): reporte ZIP OK, document.xml encontrado y DOCX reparado válido; suite 20 herramientas 67/67 (0 fallos) con fixtures DOCX/ODT/RTF reales generados en el navegador.","Corpus DOCX/ODT/RTF real, comparación estructural, imágenes/tablas/estilos conservados y reapertura.",Evidencia: artifacts/deep-audit/toolisto/TLT-certify-word-family-evidence.json Certificada por harness: word-family-evidence.,No
compressWord,certified,Sí,enabled,Verificada por harness tests/gate-e2e-word-tools.mjs (2026-08-05): DOCX válido con reporte de tamaño (0% en fixture ya comprimido); suite 20 herramientas 67/67 (0 fallos) con fixtures DOCX/ODT/RTF reales generados en el navegador.,"Corpus DOCX/ODT/RTF real, comparación estructural, imágenes/tablas/estilos conservados y reapertura.",Evidencia: artifacts/deep-audit/toolisto/TLT-certify-word-family-evidence.json Certificada por harness: word-family-evidence.,No
stripMetadataWord,certified,Sí,enabled,"Verificada por harness tests/gate-e2e-word-tools.mjs (2026-08-05): DOCX válido, docProps/core.xml conservado y autor original anonimizado/eliminado; suite 20 herramientas 67/67 (0 fallos) con fixtures DOCX/ODT/RTF reales generados en el navegador.","Corpus DOCX/ODT/RTF real, comparación estructural, imágenes/tablas/estilos conservados y reapertura.",Evidencia: artifacts/deep-audit/toolisto/TLT-certify-word-family-evidence.json Certificada por harness: word-family-evidence.,No
formatDocument,certified,Sí,enabled,Verificada por harness tests/gate-e2e-word-tools.mjs (2026-08-05): DOCX válido con Calibri 11pt/line-height 1.5 conservando el texto; suite 20 herramientas 67/67 (0 fallos) con fixtures DOCX/ODT/RTF reales generados en el navegador.,"Corpus DOCX/ODT/RTF real, comparación estructural, imágenes/tablas/estilos conservados y reapertura.",Evidencia: artifacts/deep-audit/toolisto/TLT-certify-word-family-evidence.json Certificada por harness: word-family-evidence.,No
tocWord,certified,Sí,enabled,Verificada por harness tests/gate-e2e-word-tools.mjs (2026-08-05): TOC con 2 entradas a partir de los encabezados; suite 20 herramientas 67/67 (0 fallos) con fixtures DOCX/ODT/RTF reales generados en el navegador.,"Corpus DOCX/ODT/RTF real, comparación estructural, imágenes/tablas/estilos conservados y reapertura.",Evidencia: artifacts/deep-audit/toolisto/TLT-certify-word-family-evidence.json Certificada por harness: word-family-evidence.,No
extractWord,certified,Sí,enabled,Verificada por harness tests/gate-e2e-word-tools.mjs (2026-08-05): TXT con el texto y los párrafos extraídos; suite 20 herramientas 67/67 (0 fallos) con fixtures DOCX/ODT/RTF reales generados en el navegador.,"Corpus DOCX/ODT/RTF real, comparación estructural, imágenes/tablas/estilos conservados y reapertura.",Evidencia: artifacts/deep-audit/toolisto/TLT-certify-word-family-evidence.json Certificada por harness: word-family-evidence.,No
findReplaceWord,certified,Sí,enabled,Verificada por harness tests/gate-e2e-word-tools.mjs (2026-08-05): controles Buscar/Reemplazar añadidos (fix htmlByTool en app.js) y reemplazo aplicado; suite 20 herramientas 67/67 (0 fallos) con fixtures DOCX/ODT/RTF reales generados en el navegador.,"Corpus DOCX/ODT/RTF real, comparación estructural, imágenes/tablas/estilos conservados y reapertura.",Evidencia: artifacts/deep-audit/toolisto/TLT-certify-word-family-evidence.json Certificada por harness: word-family-evidence.,No
tablesWordToExcel,certified,Sí,enabled,Verificada por harness tests/gate-e2e-word-tools.mjs (2026-08-05): hoja Producto con header y fila de datos extraídos de la tabla; suite 20 herramientas 67/67 (0 fallos) con fixtures DOCX/ODT/RTF reales generados en el navegador.,"Corpus DOCX/ODT/RTF real, comparación estructural, imágenes/tablas/estilos conservados y reapertura.",Evidencia: artifacts/deep-audit/toolisto/TLT-certify-word-family-evidence.json Certificada por harness: word-family-evidence.,No
removeBlankPagesWord,certified,Sí,enabled,Verificada por harness tests/gate-e2e-word-tools.mjs (2026-08-05): DOCX válido que conserva el contenido tras eliminar páginas en blanco; suite 20 herramientas 67/67 (0 fallos) con fixtures DOCX/ODT/RTF reales generados en el navegador.,"Corpus DOCX/ODT/RTF real, comparación estructural, imágenes/tablas/estilos conservados y reapertura.",Evidencia: artifacts/deep-audit/toolisto/TLT-certify-word-family-evidence.json Certificada por harness: word-family-evidence.,No
txtToPdf,certified,Sí,enabled,Herramienta de alcance limitado que puede certificarse sin promesas de fidelidad no demostradas.,"Procesa un fixture real, genera archivo no vacío, se reabre y conserva la semántica prometida.",Generación de PDF desde texto plano. Certificada por harness tests/gate-e2e-text-tools.mjs (2026-08-07): TLT-certify-text-family-evidence.json.,Sí
txtToEpub,certified,Sí,enabled,"Necesita asistente de estructura, metadatos o alcance lingüístico claramente validado.","Vista previa, corrección de estructura y salida validada.",Verificado por harness tests/verify-115-tools.mjs (222 checks 0 fallos; 2026-08-04). SIN harness E2E dedicado (solo cobertura estructural).,Sí
mergeTxt,certified,Sí,enabled,Herramienta de alcance limitado que puede certificarse sin promesas de fidelidad no demostradas.,"Procesa un fixture real, genera archivo no vacío, se reabre y conserva la semántica prometida.",Concatenación de texto plano. Certificada por harness tests/gate-e2e-text-tools.mjs (2026-08-07): TLT-certify-text-family-evidence.json.,Sí
splitTxt,certified,Sí,enabled,Herramienta de alcance limitado que puede certificarse sin promesas de fidelidad no demostradas.,"Procesa un fixture real, genera archivo no vacío, se reabre y conserva la semántica prometida.",División de texto plano. Certificada por harness tests/gate-e2e-text-tools.mjs (2026-08-07): TLT-certify-text-family-evidence.json.,Sí
sortLines,certified,Sí,enabled,Herramienta de alcance limitado que puede certificarse sin promesas de fidelidad no demostradas.,"Procesa un fixture real, genera archivo no vacío, se reabre y conserva la semántica prometida.",Transformación determinista de líneas. Certificada por harness tests/gate-e2e-text-tools.mjs (2026-08-07): TLT-certify-text-family-evidence.json.,Sí
removeDuplicates,certified,Sí,enabled,Herramienta de alcance limitado que puede certificarse sin promesas de fidelidad no demostradas.,"Procesa un fixture real, genera archivo no vacío, se reabre y conserva la semántica prometida.",Transformación determinista de líneas. Certificada por harness tests/gate-e2e-text-tools.mjs (2026-08-07): TLT-certify-text-family-evidence.json.,Sí
listToTable,certified,Sí,enabled,"Necesita asistente de estructura, metadatos o alcance lingüístico claramente validado.","Vista previa, corrección de estructura y salida validada.",Verificado por harness tests/verify-115-tools.mjs (222 checks 0 fallos; 2026-08-04). SIN harness E2E dedicado (solo cobertura estructural).,Sí
epubToTxt,certified,Sí,enabled,Herramienta de alcance limitado que puede certificarse sin promesas de fidelidad no demostradas.,"Procesa un fixture real, genera archivo no vacío, se reabre y conserva la semántica prometida.","Extraccion de texto refluible EPUB por UI real. Certificada por harness tests/gate-e2e-docs-extras.mjs (2026-08-10): 41/41 (boton deshabilitado/habilitado segun tipo, descarga .txt, texto y parrafos verificados, negativo con TXT, sin red externa, cero errores de consola). Evidencia: TLT-certify-docs-extras-evidence.json.",No
epubToHtml,certified,Sí,enabled,Herramienta de alcance limitado certificada con fixtures EPUB reales generados en el navegador; procesa, genera archivo no vacío y se reabre conservando la semántica prometida.,Fixture EPUB real Certificada por harness: epub-family-evidence.,No
epubToMarkdown,certified,Sí,enabled,Herramienta de alcance limitado certificada con fixtures EPUB reales generados en el navegador; procesa, genera archivo no vacío y se reabre conservando la semántica prometida.,Fixture EPUB real Certificada por harness: epub-family-evidence.,No
mergeEpub,certified,Sí,enabled,Herramienta de alcance limitado certificada con fixtures EPUB reales generados en el navegador; procesa, genera archivo no vacío y se reabre conservando la semántica prometida.,Fixture EPUB real Certificada por harness: epub-family-evidence.,No
splitEpub,certified,Sí,enabled,Herramienta de alcance limitado certificada con fixtures EPUB reales generados en el navegador; procesa, genera archivo no vacío y se reabre conservando la semántica prometida.,Fixture EPUB real Certificada por harness: epub-family-evidence.,No
editMetadataEpub,certified,Sí,enabled,Herramienta de alcance limitado certificada con fixtures EPUB reales generados en el navegador; procesa, genera archivo no vacío y se reabre conservando la semántica prometida.,Fixture EPUB real Certificada por harness: epub-family-evidence.,No
coverEpub,certified,Sí,enabled,Herramienta de alcance limitado que puede certificarse sin promesas de fidelidad no demostradas.,"Procesa un fixture real, genera archivo no vacío, se reabre y conserva la semántica prometida.","Extraccion de portada EPUB como cover.jpg valido por UI real. Certificada por harness tests/gate-e2e-docs-extras.mjs (2026-08-10): 41/41 (boton deshabilitado/habilitado segun tipo, descarga .txt, texto y parrafos verificados, negativo con TXT, sin red externa, cero errores de consola). Evidencia: TLT-certify-docs-extras-evidence.json.",No
imagesEpub,certified,Sí,enabled,Herramienta de alcance limitado que puede certificarse sin promesas de fidelidad no demostradas.,"Procesa un fixture real, genera archivo no vacío, se reabre y conserva la semántica prometida.","Extraccion de recursos graficos EPUB a ZIP por UI real. Certificada por harness tests/gate-e2e-docs-extras.mjs (2026-08-10): 41/41 (boton deshabilitado/habilitado segun tipo, descarga .txt, texto y parrafos verificados, negativo con TXT, sin red externa, cero errores de consola). Evidencia: TLT-certify-docs-extras-evidence.json.",No
validateEpub,certified,Sí,enabled,Herramienta de alcance limitado certificada con fixtures EPUB reales generados en el navegador; procesa, genera archivo no vacío y se reabre conservando la semántica prometida.,Fixture EPUB real Certificada por harness: epub-family-evidence.,No
repairEpub,certified,Sí,enabled,Herramienta de alcance limitado certificada con fixtures EPUB reales generados en el navegador; procesa, genera archivo no vacío y se reabre conservando la semántica prometida.,Fixture EPUB real Certificada por harness: epub-family-evidence.,No
csvToExcel,certified,Sí,enabled,Modo Excel form-first con vista tabular editable, tipos explícitos, errores por fila y reapertura de salida. Certificada por harness tests/gate-e2e-spreadsheet-tools.mjs (2026-08-07): 197/197 (vista editable, tipos detectados, badge de errores, edicion de celda/fila, reapertura de salida, errores por toast, sin red externa, cero errores de consola). Fix de reapertura en js/modes/excel.js (state._lastResult guarda f.blob).,No
excelToCsv,certified,Sí,enabled,Modo Excel form-first con vista tabular editable, tipos explícitos, errores por fila y reapertura de salida. Certificada por harness tests/gate-e2e-spreadsheet-tools.mjs (2026-08-07): 197/197 (vista editable, tipos detectados, badge de errores, edicion de celda/fila, reapertura de salida, errores por toast, sin red externa, cero errores de consola). Fix de reapertura en js/modes/excel.js (state._lastResult guarda f.blob).,No
excelToJson,certified,Sí,enabled,Modo Excel form-first con vista tabular editable, tipos explícitos, errores por fila y reapertura de salida. Certificada por harness tests/gate-e2e-spreadsheet-tools.mjs (2026-08-07): 197/197 (vista editable, tipos detectados, badge de errores, edicion de celda/fila, reapertura de salida, errores por toast, sin red externa, cero errores de consola). Fix de reapertura en js/modes/excel.js (state._lastResult guarda f.blob).,No
jsonToExcel,certified,Sí,enabled,Modo Excel form-first con vista tabular editable, tipos explícitos, errores por fila y reapertura de salida. Certificada por harness tests/gate-e2e-spreadsheet-tools.mjs (2026-08-07): 197/197 (vista editable, tipos detectados, badge de errores, edicion de celda/fila, reapertura de salida, errores por toast, sin red externa, cero errores de consola). Fix de reapertura en js/modes/excel.js (state._lastResult guarda f.blob).,No
csvToJson,certified,Sí,enabled,Modo Excel form-first con vista tabular editable, tipos explícitos, errores por fila y reapertura de salida. Certificada por harness tests/gate-e2e-spreadsheet-tools.mjs (2026-08-07): 197/197 (vista editable, tipos detectados, badge de errores, edicion de celda/fila, reapertura de salida, errores por toast, sin red externa, cero errores de consola). Fix de reapertura en js/modes/excel.js (state._lastResult guarda f.blob).,No
jsonToCsv,certified,Sí,enabled,Modo Excel form-first con vista tabular editable, tipos explícitos, errores por fila y reapertura de salida. Certificada por harness tests/gate-e2e-spreadsheet-tools.mjs (2026-08-07): 197/197 (vista editable, tipos detectados, badge de errores, edicion de celda/fila, reapertura de salida, errores por toast, sin red externa, cero errores de consola). Fix de reapertura en js/modes/excel.js (state._lastResult guarda f.blob).,No
xmlToJson,certified,Sí,enabled,Modo Excel form-first con vista tabular editable, tipos explícitos, errores por fila y reapertura de salida. Certificada por harness tests/gate-e2e-spreadsheet-tools.mjs (2026-08-07): 197/197 (vista editable, tipos detectados, badge de errores, edicion de celda/fila, reapertura de salida, errores por toast, sin red externa, cero errores de consola). Fix de reapertura en js/modes/excel.js (state._lastResult guarda f.blob).,No
jsonToXml,certified,Sí,enabled,Modo Excel form-first con vista tabular editable, tipos explícitos, errores por fila y reapertura de salida. Certificada por harness tests/gate-e2e-spreadsheet-tools.mjs (2026-08-07): 197/197 (vista editable, tipos detectados, badge de errores, edicion de celda/fila, reapertura de salida, errores por toast, sin red externa, cero errores de consola). Fix de reapertura en js/modes/excel.js (state._lastResult guarda f.blob).,No
mergeExcel,certified,Sí,enabled,Modo Excel form-first con vista tabular editable, tipos explícitos, errores por fila y reapertura de salida. Certificada por harness tests/gate-e2e-spreadsheet-tools.mjs (2026-08-07): 197/197 (vista editable, tipos detectados, badge de errores, edicion de celda/fila, reapertura de salida, errores por toast, sin red externa, cero errores de consola). Fix de reapertura en js/modes/excel.js (state._lastResult guarda f.blob).,No
splitExcel,certified,Sí,enabled,Modo Excel form-first con vista tabular editable, tipos explícitos, errores por fila y reapertura de salida. Certificada por harness tests/gate-e2e-spreadsheet-tools.mjs (2026-08-07): 197/197 (vista editable, tipos detectados, badge de errores, edicion de celda/fila, reapertura de salida, errores por toast, sin red externa, cero errores de consola). Fix de reapertura en js/modes/excel.js (state._lastResult guarda f.blob).,No
compareExcel,certified,Sí,enabled,Modo Excel form-first con vista tabular editable, tipos explícitos, errores por fila y reapertura de salida. Certificada por harness tests/gate-e2e-spreadsheet-tools.mjs (2026-08-07): 197/197 (vista editable, tipos detectados, badge de errores, edicion de celda/fila, reapertura de salida, errores por toast, sin red externa, cero errores de consola). Fix de reapertura en js/modes/excel.js (state._lastResult guarda f.blob).,No
xlsToXlsx,certified,Sí,enabled,Modo Excel form-first con vista tabular editable, tipos explícitos, errores por fila y reapertura de salida. Certificada por harness tests/gate-e2e-spreadsheet-tools.mjs (2026-08-07): 197/197 (vista editable, tipos detectados, badge de errores, edicion de celda/fila, reapertura de salida, errores por toast, sin red externa, cero errores de consola). Fix de reapertura en js/modes/excel.js (state._lastResult guarda f.blob).,No
xlsxToOds,certified,Sí,enabled,Modo Excel form-first con vista tabular editable, tipos explícitos, errores por fila y reapertura de salida. Certificada por harness tests/gate-e2e-spreadsheet-tools.mjs (2026-08-07): 197/197 (vista editable, tipos detectados, badge de errores, edicion de celda/fila, reapertura de salida, errores por toast, sin red externa, cero errores de consola). Fix de reapertura en js/modes/excel.js (state._lastResult guarda f.blob).,No
odsToXlsx,certified,Sí,enabled,Modo Excel form-first con vista tabular editable, tipos explícitos, errores por fila y reapertura de salida. Certificada por harness tests/gate-e2e-spreadsheet-tools.mjs (2026-08-07): 197/197 (vista editable, tipos detectados, badge de errores, edicion de celda/fila, reapertura de salida, errores por toast, sin red externa, cero errores de consola). Fix de reapertura en js/modes/excel.js (state._lastResult guarda f.blob).,No
rotatePdf,certified,Sí,enabled,"Necesita workspace de páginas, motor no soportado, OCR revisable o validación de seguridad.","Vista de páginas legible, controles móviles/teclado, historial y validación semántica del PDF reabierto.",Certificada por harness: pdf-family-evidence.,No
deletePagesPdf,certified,Sí,enabled,"Necesita workspace de páginas, motor no soportado, OCR revisable o validación de seguridad.","Vista de páginas legible, controles móviles/teclado, historial y validación semántica del PDF reabierto.",Certificada por harness: pdf-family-evidence.,No
reversePagesPdf,certified,Sí,enabled,"Necesita workspace de páginas, motor no soportado, OCR revisable o validación de seguridad.","Vista de páginas legible, controles móviles/teclado, historial y validación semántica del PDF reabierto.",Certificada por harness: pdf-family-evidence.,No
duplicatePagesPdf,certified,Sí,enabled,"Necesita workspace de páginas, motor no soportado, OCR revisable o validación de seguridad.","Vista de páginas legible, controles móviles/teclado, historial y validación semántica del PDF reabierto.",Certificada por harness: pdf-family-evidence.,No
insertBlankPagesPdf,certified,Sí,enabled,"Necesita workspace de páginas, motor no soportado, OCR revisable o validación de seguridad.","Vista de páginas legible, controles móviles/teclado, historial y validación semántica del PDF reabierto.",Certificada por harness: pdf-family-evidence.,No
editMetadataPdf,certified,Sí,enabled,"Necesita workspace de páginas, motor no soportado, OCR revisable o validación de seguridad.","Vista de páginas legible, controles móviles/teclado, historial y validación semántica del PDF reabierto.",Certificada por harness: pdf-family-evidence.,No
compressPdf,certified,Sí,enabled,"Necesita workspace de páginas, motor no soportado, OCR revisable o validación de seguridad.","Vista de páginas legible, controles móviles/teclado, historial y validación semántica del PDF reabierto.",Certificada por harness: pdf-family-evidence.,No
interleavePdf,certified,Sí,enabled,"Necesita workspace de páginas, motor no soportado, OCR revisable o validación de seguridad.","Vista de páginas legible, controles móviles/teclado, historial y validación semántica del PDF reabierto.",Certificada por harness: pdf-family-evidence.,No
cropPdf,certified,Sí,enabled,"Necesita workspace de páginas, motor no soportado, OCR revisable o validación de seguridad.","Vista de páginas legible, controles móviles/teclado, historial y validación semántica del PDF reabierto.",Certificada por harness: pdf-family-evidence.,No
resizePdfPages,certified,Sí,enabled,"Necesita workspace de páginas, motor no soportado, OCR revisable o validación de seguridad.","Vista de páginas legible, controles móviles/teclado, historial y validación semántica del PDF reabierto.",Certificada por harness: pdf-family-evidence.,No
nUpPdf,certified,Sí,enabled,"Necesita workspace de páginas, motor no soportado, OCR revisable o validación de seguridad.","Vista de páginas legible, controles móviles/teclado, historial y validación semántica del PDF reabierto.",Certificada por harness: pdf-family-evidence.,No
splitDoublePdf,certified,Sí,enabled,"Necesita workspace de páginas, motor no soportado, OCR revisable o validación de seguridad.","Vista de páginas legible, controles móviles/teclado, historial y validación semántica del PDF reabierto.",Certificada por harness: pdf-family-evidence.,No
bookletPdf,certified,Sí,enabled,"Necesita workspace de páginas, motor no soportado, OCR revisable o validación de seguridad.","Vista de páginas legible, controles móviles/teclado, historial y validación semántica del PDF reabierto.",Certificada por harness: pdf-family-evidence.,No
watermarkPdf,certified,Sí,enabled,"Necesita workspace de páginas, motor no soportado, OCR revisable o validación de seguridad.","Vista de páginas legible, controles móviles/teclado, historial y validación semántica del PDF reabierto.",Certificada por harness: pdf-family-evidence.,No
addPageNumbersPdf,certified,Sí,enabled,"Necesita workspace de páginas, motor no soportado, OCR revisable o validación de seguridad.","Vista de páginas legible, controles móviles/teclado, historial y validación semántica del PDF reabierto.",Certificada por harness: pdf-family-evidence.,No
addHeaderFooterPdf,certified,Sí,enabled,"Necesita workspace de páginas, motor no soportado, OCR revisable o validación de seguridad.","Vista de páginas legible, controles móviles/teclado, historial y validación semántica del PDF reabierto.",Certificada por harness: pdf-family-evidence.,No
unzipFile,certified,Sí,enabled,Herramienta de alcance limitado que puede certificarse sin promesas de fidelidad no demostradas.,"Procesa un fixture real, genera archivo no vacío, se reabre y conserva la semántica prometida.","Extraccion ZIP con limites por UI real. Certificada por harness tests/gate-e2e-file-family-tools.mjs (2026-08-10): 73/73 (boton segun tipo, descargas, round-trip cifrado/descifrado AES-GCM, negativo .toolistoenc, sin red externa, cero errores de consola). Fix de UI: renderAdvancedControls en app.js. Evidencia: TLT-certify-file-family-extra-evidence.json.",No
createZipAdvanced,certified,Sí,enabled,Herramienta de alcance limitado que puede certificarse sin promesas de fidelidad no demostradas.,"Procesa un fixture real, genera archivo no vacío, se reabre y conserva la semántica prometida.","Creacion ZIP (renombrada Crear ZIP). Certificada por harness tests/gate-e2e-file-family-tools.mjs (2026-08-10): 73/73 (boton segun tipo, descargas, round-trip cifrado/descifrado AES-GCM, negativo .toolistoenc, sin red externa, cero errores de consola). Fix de UI: renderAdvancedControls en app.js. Evidencia: TLT-certify-file-family-extra-evidence.json.",No
zipRepair,certified,Sí,enabled,"Necesita manifiesto, checksum, recuperación explícita y verificación de integridad.","Manifiesto, checksum y reconstrucción exacta comprobada.",Verificado por harness tests/verify-115-tools.mjs (222 checks 0 fallos; 2026-08-04). SIN harness E2E dedicado (solo cobertura estructural).,Sí
fileSplit,certified,Sí,enabled,"Necesita manifiesto, checksum, recuperación explícita y verificación de integridad.","Manifiesto, checksum y reconstrucción exacta comprobada.",Verificado por harness tests/verify-115-tools.mjs (222 checks 0 fallos; 2026-08-04). SIN harness E2E dedicado (solo cobertura estructural).,Sí
fileJoin,certified,Sí,enabled,"Necesita manifiesto, checksum, recuperación explícita y verificación de integridad.","Manifiesto, checksum y reconstrucción exacta comprobada.",Verificado por harness tests/verify-115-tools.mjs (222 checks 0 fallos; 2026-08-04). SIN harness E2E dedicado (solo cobertura estructural).,Sí
checksumFile,certified,Sí,enabled,Herramienta de alcance limitado que puede certificarse sin promesas de fidelidad no demostradas.,"Procesa un fixture real, genera archivo no vacío, se reabre y conserva la semántica prometida.","Calculo de hash SHA-256 por UI real. Certificada por harness tests/gate-e2e-file-family-tools.mjs (2026-08-10): 73/73 (boton segun tipo, descargas, round-trip cifrado/descifrado AES-GCM, negativo .toolistoenc, sin red externa, cero errores de consola). Fix de UI: renderAdvancedControls en app.js. Evidencia: TLT-certify-file-family-extra-evidence.json.",No
fileInspector,certified,Sí,enabled,Herramienta de alcance limitado que puede certificarse sin promesas de fidelidad no demostradas.,"Procesa un fixture real, genera archivo no vacío, se reabre y conserva la semántica prometida.","Inspeccion de firma/tipo por UI real. Certificada por harness tests/gate-e2e-file-family-tools.mjs (2026-08-10): 73/73 (boton segun tipo, descargas, round-trip cifrado/descifrado AES-GCM, negativo .toolistoenc, sin red externa, cero errores de consola). Fix de UI: renderAdvancedControls en app.js. Evidencia: TLT-certify-file-family-extra-evidence.json.",No
pdfEncryptAdvanced,certified,Sí,enabled,"PDFLib no implementa el security handler estándar; motor propio js/security/pdf-encryptor.js (ISO 32000-1 §7.6) añade la capa de serialización con cifrado real RC4-128/AES-128.","El PDF protegido requiere la contraseña para abrir (pdf.js rechaza sin ella y con la incorrecta); con la contraseña correcta recupera texto y metadatos; el contenido sensible no queda en claro; cero errores de consola.","Certificada por harness tests/gate-e2e-pdf-encrypt.mjs (2026-08-10): 35/35 (escenario A con userPassword y permisos, escenario B con apertura libre y /Encrypt presente, robustez del motor). Evidencia: TLT-certify-pdf-encrypt-evidence.json.",No
qrGenerate,certified,Sí,enabled,"Necesita flujo sin archivo, vista previa, validación y lectura visual corregible.","Formulario primero, vista previa, validación estándar y resultado comprobado.",Verificado por harness tests/verify-115-tools.mjs (222 checks 0 fallos; 2026-08-04). SIN harness E2E dedicado (solo cobertura estructural).,Sí
qrWifi,certified,Sí,enabled,"Necesita flujo sin archivo, vista previa, validación y lectura visual corregible.","Formulario primero, vista previa, validación estándar y resultado comprobado.",Verificado por harness tests/verify-115-tools.mjs (222 checks 0 fallos; 2026-08-04). SIN harness E2E dedicado (solo cobertura estructural).,Sí
qrVcard,certified,Sí,enabled,"Necesita flujo sin archivo, vista previa, validación y lectura visual corregible.","Formulario primero, vista previa, validación estándar y resultado comprobado.",Verificado por harness tests/verify-115-tools.mjs (222 checks 0 fallos; 2026-08-04). SIN harness E2E dedicado (solo cobertura estructural).,Sí
barcodeGenerate,certified,Sí,enabled,"Necesita flujo sin archivo, vista previa, validación y lectura visual corregible.","Formulario primero, vista previa, validación estándar y resultado comprobado.",Verificado por harness tests/verify-115-tools.mjs (222 checks 0 fallos; 2026-08-04). SIN harness E2E dedicado (solo cobertura estructural).,Sí
qrReadFromImage,certified,Sí,enabled,"Necesita flujo sin archivo, vista previa, validación y lectura visual corregible.","Formulario primero, vista previa, validación estándar y resultado comprobado.",Verificado por harness tests/verify-115-tools.mjs (222 checks 0 fallos; 2026-08-04). SIN harness E2E dedicado (solo cobertura estructural).,Sí
barcodeReadFromImage,certified,Sí,enabled,"Necesita flujo sin archivo, vista previa, validación y lectura visual corregible.","Formulario primero, vista previa, validación estándar y resultado comprobado.",Verificado por harness tests/verify-115-tools.mjs (222 checks 0 fallos; 2026-08-04). SIN harness E2E dedicado (solo cobertura estructural).,Sí
qrBatchFromCsv,certified,Sí,enabled,"Necesita flujo sin archivo, vista previa, validación y lectura visual corregible.","Formulario primero, vista previa, validación estándar y resultado comprobado.",Verificado por harness tests/verify-115-tools.mjs (222 checks 0 fallos; 2026-08-04). SIN harness E2E dedicado (solo cobertura estructural).,Sí
colorPicker,certified,Sí,enabled,"Editor visual de punto con HEX/RGB/HSL, vista ampliada y botones de copiado; sin descarga (análisis interactivo).","Selector de punto real sobre la imagen, coordenadas escaladas a la original, HSL correcto, copiar HEX/RGB/HSL y resumen de resultado.",Verificado por harness tests/verify-image-family.mjs (2026-08-04). Certificada por harness: image-family-evidence.,No
imageCompare,certified,Sí,enabled,"Comparador visual con deslizador, alternancia, superposición y diferencia visual; solo visual, sin descarga.","Cuatro modos funcionando, sin deformar las imágenes, umbral configurable, stats de píxeles diferentes en el resumen.",Verificado por harness tests/verify-image-family.mjs (2026-08-04). Certificada por harness: image-family-evidence.,No
pdfPageCounter,certified,Sí,enabled,Herramienta de alcance limitado que puede certificarse sin promesas de fidelidad no demostradas.,"Procesa un fixture real, genera archivo no vacío, se reabre y conserva la semántica prometida.","Conteo de paginas y dimensiones por pagina de un PDF real. Certificada por harness tests/gate-e2e-docs-extras.mjs (2026-08-10): 41/41 (boton deshabilitado/habilitado segun tipo, descarga .txt, texto y parrafos verificados, negativo con TXT, sin red externa, cero errores de consola). Evidencia: TLT-certify-docs-extras-evidence.json.",No
enhanceScannedDocument,certified,Sí,enabled,"Necesita editor visual, comparación, corrección manual, seguridad de censura o validación de salida.","Editor visual accesible, móvil, deshacer/rehacer, vista previa fiel y reapertura del resultado.",Certificada por harness: image-family-evidence.,No
cameraDocumentScanner,certified,Sí,enabled,Verificada por harness tests/gate-e2e-pdf-misc-tools.mjs (2026-08-06): suite 8 herramientas 62/62 (0 fallos) con fixtures PDF/JPEG/PNG reales generados en el navegador.,"Imagen de cámara procesada, brillo ajustado y salida JPEG/PNG conservando dimensiones.",Brillo aumentado verificado por píxeles; selector de formato JPEG/PNG funcionando (fix id en la UI). Certificada por harness: pdf-misc-evidence.,No
pdfTablesToExcel,certified,Sí,enabled,Verificada por harness tests/gate-e2e-pdf-misc-tools.mjs (2026-08-06): suite 8 herramientas 62/62 (0 fallos) con fixtures PDF/JPEG/PNG reales generados en el navegador.,"Tablas extraídas de PDF a XLSX/CSV (6 filas; mejor esfuerzo, puede requerir ajuste manual).",Selector de formato XLSX/CSV funcionando (fix id en la UI). Certificada por harness: pdf-misc-evidence.,No
imageTableToExcel,certified,Sí,enabled,Verificada por harness tests/gate-e2e-pdf-misc-tools.mjs (2026-08-06): suite 8 herramientas 62/62 (0 fallos) con fixtures PDF/JPEG/PNG reales generados en el navegador.,"Tabla detectada por OCR de imagen y exportada a XLSX (3 filas, cabecera Nombre/Cantidad).",Selector de idioma funcionando (fix id en la UI); OCR reconoce cabecera y filas de datos. Certificada por harness: pdf-misc-evidence.,No
convertAudio,certified,Sí,enabled,Verificada por harness tests/gate-e2e-av-tools.mjs (2026-08-06): suite 9 herramientas 47/47 (0 fallos) con fixtures WAV/WebM generados con FFmpeg real (lavfi) en el navegador y validación de magic bytes + streams/duration del resultado descargado con FFmpeg.,"Conversión real MP3 y OGG desde WAV validada por magic bytes, streams (audio sin video) y duración ~1.4s.",Fix: app.js mapea ids de control (audioOutputFormat/trimAudioStart/…) a las opciones reales de los procesadores (outputFormat/startTime/…); engine-loader absolutiza el import() dinámico (script clásico resolvía contra vendor/js/ y 404); getExt definido en tool-processors.js; branches de re-codificación añadidos en trimAudio/mergeAudio/trimVideo/mergeVideos/removeAudioFromVideo cuando el contenedor de salida cambia (antes -c copy generaba archivo vacío). Evidencia: artifacts/deep-audit/toolisto/TLT-certify-av-evidence.json Certificada por harness: av-evidence.,No
trimAudio,certified,Sí,enabled,Verificada por harness tests/gate-e2e-av-tools.mjs (2026-08-06): suite 9 herramientas 47/47 (0 fallos) con fixtures WAV/WebM generados con FFmpeg real (lavfi) en el navegador y validación de magic bytes + streams/duration del resultado descargado con FFmpeg.,Recorte 0.3→0.9s a MP3 validado por duración ~0.6s (branch encode añadido).,Fix: app.js mapea ids de control (audioOutputFormat/trimAudioStart/…) a las opciones reales de los procesadores (outputFormat/startTime/…); engine-loader absolutiza el import() dinámico (script clásico resolvía contra vendor/js/ y 404); getExt definido en tool-processors.js; branches de re-codificación añadidos en trimAudio/mergeAudio/trimVideo/mergeVideos/removeAudioFromVideo cuando el contenedor de salida cambia (antes -c copy generaba archivo vacío). Evidencia: artifacts/deep-audit/toolisto/TLT-certify-av-evidence.json Certificada por harness: av-evidence.,No
mergeAudio,certified,Sí,enabled,Verificada por harness tests/gate-e2e-av-tools.mjs (2026-08-06): suite 9 herramientas 47/47 (0 fallos) con fixtures WAV/WebM generados con FFmpeg real (lavfi) en el navegador y validación de magic bytes + streams/duration del resultado descargado con FFmpeg.,Unión WAV+WAV a MP3 validada por duración ~2.8s (branch concat filter añadido).,Fix: app.js mapea ids de control (audioOutputFormat/trimAudioStart/…) a las opciones reales de los procesadores (outputFormat/startTime/…); engine-loader absolutiza el import() dinámico (script clásico resolvía contra vendor/js/ y 404); getExt definido en tool-processors.js; branches de re-codificación añadidos en trimAudio/mergeAudio/trimVideo/mergeVideos/removeAudioFromVideo cuando el contenedor de salida cambia (antes -c copy generaba archivo vacío). Evidencia: artifacts/deep-audit/toolisto/TLT-certify-av-evidence.json Certificada por harness: av-evidence.,No
compressVideo,certified,Sí,enabled,Verificada por harness tests/gate-e2e-av-tools.mjs (2026-08-06): suite 9 herramientas 47/47 (0 fallos) con fixtures WAV/WebM generados con FFmpeg real (lavfi) en el navegador y validación de magic bytes + streams/duration del resultado descargado con FFmpeg.,"WebM→MP4 con calidad baja validado por magic, streams (video+audio) y duración ~1.4s.",Fix: app.js mapea ids de control (audioOutputFormat/trimAudioStart/…) a las opciones reales de los procesadores (outputFormat/startTime/…); engine-loader absolutiza el import() dinámico (script clásico resolvía contra vendor/js/ y 404); getExt definido en tool-processors.js; branches de re-codificación añadidos en trimAudio/mergeAudio/trimVideo/mergeVideos/removeAudioFromVideo cuando el contenedor de salida cambia (antes -c copy generaba archivo vacío). Evidencia: artifacts/deep-audit/toolisto/TLT-certify-av-evidence.json Certificada por harness: av-evidence.,No
trimVideo,certified,Sí,enabled,Verificada por harness tests/gate-e2e-av-tools.mjs (2026-08-06): suite 9 herramientas 47/47 (0 fallos) con fixtures WAV/WebM generados con FFmpeg real (lavfi) en el navegador y validación de magic bytes + streams/duration del resultado descargado con FFmpeg.,Recorte 0.3→1.0s a MP4 validado por duración ~0.7s (branch encode añadido).,Fix: app.js mapea ids de control (audioOutputFormat/trimAudioStart/…) a las opciones reales de los procesadores (outputFormat/startTime/…); engine-loader absolutiza el import() dinámico (script clásico resolvía contra vendor/js/ y 404); getExt definido en tool-processors.js; branches de re-codificación añadidos en trimAudio/mergeAudio/trimVideo/mergeVideos/removeAudioFromVideo cuando el contenedor de salida cambia (antes -c copy generaba archivo vacío). Evidencia: artifacts/deep-audit/toolisto/TLT-certify-av-evidence.json Certificada por harness: av-evidence.,No
mergeVideos,certified,Sí,enabled,Verificada por harness tests/gate-e2e-av-tools.mjs (2026-08-06): suite 9 herramientas 47/47 (0 fallos) con fixtures WAV/WebM generados con FFmpeg real (lavfi) en el navegador y validación de magic bytes + streams/duration del resultado descargado con FFmpeg.,Unión WebM+WebM a MP4 validada por duración ~2.8s (branch encode añadido).,Fix: app.js mapea ids de control (audioOutputFormat/trimAudioStart/…) a las opciones reales de los procesadores (outputFormat/startTime/…); engine-loader absolutiza el import() dinámico (script clásico resolvía contra vendor/js/ y 404); getExt definido en tool-processors.js; branches de re-codificación añadidos en trimAudio/mergeAudio/trimVideo/mergeVideos/removeAudioFromVideo cuando el contenedor de salida cambia (antes -c copy generaba archivo vacío). Evidencia: artifacts/deep-audit/toolisto/TLT-certify-av-evidence.json Certificada por harness: av-evidence.,No
videoToGif,certified,Sí,enabled,Verificada por harness tests/gate-e2e-av-tools.mjs (2026-08-06): suite 9 herramientas 47/47 (0 fallos) con fixtures WAV/WebM generados con FFmpeg real (lavfi) en el navegador y validación de magic bytes + streams/duration del resultado descargado con FFmpeg.,"GIF 160px/10FPS validado por magic, streams (video sin audio) y duración ~0.8s.",Fix: app.js mapea ids de control (audioOutputFormat/trimAudioStart/…) a las opciones reales de los procesadores (outputFormat/startTime/…); engine-loader absolutiza el import() dinámico (script clásico resolvía contra vendor/js/ y 404); getExt definido en tool-processors.js; branches de re-codificación añadidos en trimAudio/mergeAudio/trimVideo/mergeVideos/removeAudioFromVideo cuando el contenedor de salida cambia (antes -c copy generaba archivo vacío). Evidencia: artifacts/deep-audit/toolisto/TLT-certify-av-evidence.json Certificada por harness: av-evidence.,No
extractAudioFromVideo,certified,Sí,enabled,Verificada por harness tests/gate-e2e-av-tools.mjs (2026-08-06): suite 9 herramientas 47/47 (0 fallos) con fixtures WAV/WebM generados con FFmpeg real (lavfi) en el navegador y validación de magic bytes + streams/duration del resultado descargado con FFmpeg.,Extracción a MP3 desde WebM con pista de audio validada por magic y streams.,Fix: app.js mapea ids de control (audioOutputFormat/trimAudioStart/…) a las opciones reales de los procesadores (outputFormat/startTime/…); engine-loader absolutiza el import() dinámico (script clásico resolvía contra vendor/js/ y 404); getExt definido en tool-processors.js; branches de re-codificación añadidos en trimAudio/mergeAudio/trimVideo/mergeVideos/removeAudioFromVideo cuando el contenedor de salida cambia (antes -c copy generaba archivo vacío). Evidencia: artifacts/deep-audit/toolisto/TLT-certify-av-evidence.json Certificada por harness: av-evidence.,No
removeAudioFromVideo,certified,Sí,enabled,Verificada por harness tests/gate-e2e-av-tools.mjs (2026-08-06): suite 9 herramientas 47/47 (0 fallos) con fixtures WAV/WebM generados con FFmpeg real (lavfi) en el navegador y validación de magic bytes + streams/duration del resultado descargado con FFmpeg.,WebM sin audio (copy) y MP4 sin audio (encode) validados por streams.,Fix: app.js mapea ids de control (audioOutputFormat/trimAudioStart/…) a las opciones reales de los procesadores (outputFormat/startTime/…); engine-loader absolutiza el import() dinámico (script clásico resolvía contra vendor/js/ y 404); getExt definido en tool-processors.js; branches de re-codificación añadidos en trimAudio/mergeAudio/trimVideo/mergeVideos/removeAudioFromVideo cuando el contenedor de salida cambia (antes -c copy generaba archivo vacío). Evidencia: artifacts/deep-audit/toolisto/TLT-certify-av-evidence.json Certificada por harness: av-evidence.,No
inspectFileMetadata,certified,Sí,enabled,Herramienta de alcance limitado que puede certificarse sin promesas de fidelidad no demostradas.,"Procesa un fixture real, genera archivo no vacío, se reabre y conserva la semántica prometida.","Lectura de propiedades y hash por UI real. Certificada por harness tests/gate-e2e-file-family-tools.mjs (2026-08-10): 73/73 (boton segun tipo, descargas, round-trip cifrado/descifrado AES-GCM, negativo .toolistoenc, sin red externa, cero errores de consola). Fix de UI: renderAdvancedControls en app.js. Evidencia: TLT-certify-file-family-extra-evidence.json.",No
encryptDecryptFile,certified,Sí,enabled,Herramienta de alcance limitado que puede certificarse sin promesas de fidelidad no demostradas.,"Procesa un fixture real, genera archivo no vacío, se reabre y conserva la semántica prometida.","AES-GCM local round-trip por la UI real. Certificada por harness tests/gate-e2e-file-family-tools.mjs (2026-08-10): 73/73 (boton segun tipo, descargas, round-trip cifrado/descifrado AES-GCM, negativo .toolistoenc, sin red externa, cero errores de consola). Fix de UI: renderAdvancedControls en app.js. Evidencia: TLT-certify-file-family-extra-evidence.json.",No
photoLocationExtractor,certified,Sí,enabled,Verificada por harness tests/gate-e2e-pdf-misc-tools.mjs (2026-08-06): suite 8 herramientas 62/62 (0 fallos) con fixtures PDF/JPEG/PNG reales generados en el navegador.,"Metadatos EXIF: GPS lat/lng (33° S, 70° W), url_mapa, cámara y fecha_hora.",Fix readIfdEntries (hoisting de var count) en js/metadata/photo-location.js; fixture JPEG con EXIF GPS completo (IFD0→Exif→GPS). Certificada por harness: pdf-misc-evidence.,No
simpleCalculator,certified,Sí,enabled,El flujo genérico exige archivos; deben ser aplicaciones de formulario independientes.,"Abren sin carga de archivo, teclado completo, errores y accesibilidad.",Verificado por harness tests/verify-115-tools.mjs (222 checks 0 fallos; 2026-08-04). SIN harness E2E dedicado (solo cobertura estructural).,Sí
scientificCalculator,certified,Sí,enabled,El flujo genérico exige archivos; deben ser aplicaciones de formulario independientes.,"Abren sin carga de archivo, teclado completo, errores y accesibilidad.",Verificado por harness tests/verify-115-tools.mjs (222 checks 0 fallos; 2026-08-04). SIN harness E2E dedicado (solo cobertura estructural).,Sí
textToUnicodeBraille,certified,Sí,enabled,"Necesita asistente de estructura, metadatos o alcance lingüístico claramente validado.","Vista previa, corrección de estructura y salida validada.",Verificado por harness tests/verify-115-tools.mjs (222 checks 0 fallos; 2026-08-04). SIN harness E2E dedicado (solo cobertura estructural).,Sí
formatDocumentApa7,certified,Sí,enabled,Verificada por harness tests/gate-e2e-pdf-misc-tools.mjs (2026-08-06): suite 8 herramientas 62/62 (0 fallos) con fixtures PDF/JPEG/PNG reales generados en el navegador.,"DOCX APA 7 con título, autor, afiliación, resumen, abstract y palabras clave.",Fix Times New Roman → Arial (prohibido en AGENTS.md); controles del documento visibles en la UI (fix htmlByTool). Certificada por harness: pdf-misc-evidence.,No
scannedPdfToSearchablePdf,certified,Sí,enabled,"Verificada por harness tests/gate-e2e-ocr-pdf-tools.mjs (2026-08-06): suite 4 herramientas 34/34 (0 fallos) con PDFs escaneados (solo imagen) y con texto real generados con PDFLib en el navegador, PNG real (scan-clear) y WebP; validación del PDF buscable y del TXT con pdfjs + OCR Tesseract local (lang-data spa).","PDF escaneado de 1 página → PDF buscable real: capa de texto invisible extraíble con pdfjs (INFORME/9300), confianza 92%; PDF ya con texto → mensaje sin generar archivo; ocrPages=2 procesa solo la página 2.",Fixes: toolMeta/htmlByTool/optionAliases/validateToolFiles en app.js (sin entrada toolMeta la página no auto-seleccionaba la herramienta y el botón quedaba deshabilitado); accepts pdf→pdfs; pdfjs detachaba el ArrayBuffer al reutilizar el buffer (slice(0) en js/ocr/pdf-ocr-engine.js loadPdf y extractTextFromScannedPdf); imageToSearchablePdf incrusta la imagen vía canvas→JPEG (el blob original rompía con WebP/BMP) y revoca img.src (imgEl estaba fuera de scope). Evidencia: artifacts/deep-audit/toolisto/TLT-certify-ocr-pdf-evidence.json Certificada por harness: ocr-pdf-evidence.,No
imageToSearchablePdf,certified,Sí,enabled,"Verificada por harness tests/gate-e2e-ocr-pdf-tools.mjs (2026-08-06): suite 4 herramientas 34/34 (0 fallos) con PDFs escaneados (solo imagen) y con texto real generados con PDFLib en el navegador, PNG real (scan-clear) y WebP; validación del PDF buscable y del TXT con pdfjs + OCR Tesseract local (lang-data spa).",PNG real (scan-clear) → PDF buscable con OCR (Ventas/150); WebP → PDF buscable (fix embed vía canvas→JPEG).,Fixes: toolMeta/htmlByTool/optionAliases/validateToolFiles en app.js (sin entrada toolMeta la página no auto-seleccionaba la herramienta y el botón quedaba deshabilitado); accepts pdf→pdfs; pdfjs detachaba el ArrayBuffer al reutilizar el buffer (slice(0) en js/ocr/pdf-ocr-engine.js loadPdf y extractTextFromScannedPdf); imageToSearchablePdf incrusta la imagen vía canvas→JPEG (el blob original rompía con WebP/BMP) y revoca img.src (imgEl estaba fuera de scope). Evidencia: artifacts/deep-audit/toolisto/TLT-certify-ocr-pdf-evidence.json Certificada por harness: ocr-pdf-evidence.,No
extractTextFromScannedPdf,certified,Sí,enabled,"Verificada por harness tests/gate-e2e-ocr-pdf-tools.mjs (2026-08-06): suite 4 herramientas 34/34 (0 fallos) con PDFs escaneados (solo imagen) y con texto real generados con PDFLib en el navegador, PNG real (scan-clear) y WebP; validación del PDF buscable y del TXT con pdfjs + OCR Tesseract local (lang-data spa).",PDF escaneado → TXT con el texto OCR real (INFORME/9300) extraído de la página renderizada.,Fixes: toolMeta/htmlByTool/optionAliases/validateToolFiles en app.js (sin entrada toolMeta la página no auto-seleccionaba la herramienta y el botón quedaba deshabilitado); accepts pdf→pdfs; pdfjs detachaba el ArrayBuffer al reutilizar el buffer (slice(0) en js/ocr/pdf-ocr-engine.js loadPdf y extractTextFromScannedPdf); imageToSearchablePdf incrusta la imagen vía canvas→JPEG (el blob original rompía con WebP/BMP) y revoca img.src (imgEl estaba fuera de scope). Evidencia: artifacts/deep-audit/toolisto/TLT-certify-ocr-pdf-evidence.json Certificada por harness: ocr-pdf-evidence.,No
detectOcrNeeded,certified,Sí,enabled,"Verificada por harness tests/gate-e2e-ocr-pdf-tools.mjs (2026-08-06): suite 4 herramientas 34/34 (0 fallos) con PDFs escaneados (solo imagen) y con texto real generados con PDFLib en el navegador, PNG real (scan-clear) y WebP; validación del PDF buscable y del TXT con pdfjs + OCR Tesseract local (lang-data spa).","Detección real: PDF solo imagen → NECESITA OCR (1 de 1, 2 de 2); PDF con texto → No necesita OCR.",Fixes: toolMeta/htmlByTool/optionAliases/validateToolFiles en app.js (sin entrada toolMeta la página no auto-seleccionaba la herramienta y el botón quedaba deshabilitado); accepts pdf→pdfs; pdfjs detachaba el ArrayBuffer al reutilizar el buffer (slice(0) en js/ocr/pdf-ocr-engine.js loadPdf y extractTextFromScannedPdf); imageToSearchablePdf incrusta la imagen vía canvas→JPEG (el blob original rompía con WebP/BMP) y revoca img.src (imgEl estaba fuera de scope). Evidencia: artifacts/deep-audit/toolisto/TLT-certify-ocr-pdf-evidence.json Certificada por harness: ocr-pdf-evidence.,No
censorPdf,certified,Sí,enabled,Verificada por harness tests/gate-e2e-pdf-misc-tools.mjs (2026-08-06): suite 8 herramientas 62/62 (0 fallos) con fixtures PDF/JPEG/PNG reales generados en el navegador.,"PDF censurado permanentemente (2 zonas en 2 páginas), aplanado sin texto recuperable y metadatos eliminados.",Fix pdfjs detached ArrayBuffer en js/security/pdf-censor-engine.js (loadDocument con arrayBuffer.slice(0)); SECRETO no extraíble por pdfjs. Certificada por harness: pdf-misc-evidence.,No
verifyPdfCensor,certified,Sí,enabled,Verificada por harness tests/gate-e2e-pdf-misc-tools.mjs (2026-08-06): suite 8 herramientas 62/62 (0 fallos) con fixtures PDF/JPEG/PNG reales generados en el navegador.,"Verificación de censura: original identificado, páginas coincidentes, censurado sin texto recuperable.",tools.json accepts pdfs (input múltiple con original + censurado); busca el término en ambos. Certificada por harness: pdf-misc-evidence.,No
comparePdfs,certified,Sí,enabled,Verificada por harness tests/gate-e2e-pdf-misc-tools.mjs (2026-08-06): suite 8 herramientas 62/62 (0 fallos) con fixtures PDF/JPEG/PNG reales generados en el navegador.,"Reporte compara PDF A vs B: 1 idéntica, 1 modificada, 0 añadidas, 0 eliminadas + diff-pagina-1.png.",tools.json accepts pdfs (input múltiple con 2 PDFs); ZIP con reporte .txt y diff por página. Certificada por harness: pdf-misc-evidence.,No
textStatistics,certified,Sí,enabled,"Verificada por harness tests/verify-23-tools.mjs: apertura sin errores, entrada valida con resultado esperado, entrada invalida manejada, E2E UI con dialogo de resultado y cero errores de consola (157/157).",Criterio original no presente; habilitada.,Evidencia: artifacts/deep-audit/toolisto/TLT-certify-23-tools-evidence.json Certificada por harness tests/gate-e2e-text-tools.mjs (2026-08-07): TLT-certify-text-family-evidence.json.,Sí
wordCount,certified,Sí,enabled,"Verificada por harness tests/verify-23-tools.mjs: apertura sin errores, entrada valida con resultado esperado, entrada invalida manejada, E2E UI con dialogo de resultado y cero errores de consola (157/157).",Criterio original no presente; habilitada.,Evidencia: artifacts/deep-audit/toolisto/TLT-certify-23-tools-evidence.json Certificada por harness tests/gate-e2e-text-tools.mjs (2026-08-07): TLT-certify-text-family-evidence.json.,Sí
textDiff,certified,Sí,enabled,"Verificada por harness tests/verify-23-tools.mjs: apertura sin errores, entrada valida con resultado esperado, entrada invalida manejada, E2E UI con dialogo de resultado y cero errores de consola (157/157).",Criterio original no presente; habilitada.,Evidencia: artifacts/deep-audit/toolisto/TLT-certify-23-tools-evidence.json Certificada por harness tests/gate-e2e-text-tools.mjs (2026-08-07): TLT-certify-text-family-evidence.json.,Sí
htmlToMarkdown,certified,Sí,enabled,"Verificada por harness tests/verify-23-tools.mjs: apertura sin errores, entrada valida con resultado esperado, entrada invalida manejada, E2E UI con dialogo de resultado y cero errores de consola (157/157).",Criterio original no presente; habilitada.,Evidencia: artifacts/deep-audit/toolisto/TLT-certify-23-tools-evidence.json Certificada por harness tests/gate-e2e-text-tools.mjs (2026-08-07): TLT-certify-text-family-evidence.json.,Sí
htmlToText,certified,Sí,enabled,"Verificada por harness tests/verify-23-tools.mjs: apertura sin errores, entrada valida con resultado esperado, entrada invalida manejada, E2E UI con dialogo de resultado y cero errores de consola (157/157).",Criterio original no presente; habilitada.,Evidencia: artifacts/deep-audit/toolisto/TLT-certify-23-tools-evidence.json Certificada por harness tests/gate-e2e-text-tools.mjs (2026-08-07): TLT-certify-text-family-evidence.json.,Sí
cssMinifier,certified,Sí,enabled,"Verificada por harness tests/verify-23-tools.mjs: apertura sin errores, entrada valida con resultado esperado, entrada invalida manejada, E2E UI con dialogo de resultado y cero errores de consola (157/157).",Criterio original no presente; habilitada.,Evidencia: artifacts/deep-audit/toolisto/TLT-certify-23-tools-evidence.json Certificada por harness tests/gate-e2e-text-tools.mjs (2026-08-07): TLT-certify-text-family-evidence.json.,Sí
base64Encode,certified,Sí,enabled,"Verificada por harness tests/verify-23-tools.mjs: apertura sin errores, entrada valida con resultado esperado, entrada invalida manejada, E2E UI con dialogo de resultado y cero errores de consola (157/157).",Criterio original no presente; habilitada.,Evidencia: artifacts/deep-audit/toolisto/TLT-certify-23-tools-evidence.json Certificada por harness tests/gate-e2e-text-tools.mjs (2026-08-07): TLT-certify-text-family-evidence.json.,Sí
base64Decode,certified,Sí,enabled,"Verificada por harness tests/verify-23-tools.mjs: apertura sin errores, entrada valida con resultado esperado, entrada invalida manejada, E2E UI con dialogo de resultado y cero errores de consola (157/157).",Criterio original no presente; habilitada.,Evidencia: artifacts/deep-audit/toolisto/TLT-certify-23-tools-evidence.json Certificada por harness tests/gate-e2e-text-tools.mjs (2026-08-07): TLT-certify-text-family-evidence.json.,Sí
urlEncode,certified,Sí,enabled,"Verificada por harness tests/verify-23-tools.mjs: apertura sin errores, entrada valida con resultado esperado, entrada invalida manejada, E2E UI con dialogo de resultado y cero errores de consola (157/157).",Criterio original no presente; habilitada.,Evidencia: artifacts/deep-audit/toolisto/TLT-certify-23-tools-evidence.json Certificada por harness tests/gate-e2e-text-tools.mjs (2026-08-07): TLT-certify-text-family-evidence.json.,Sí
urlDecode,certified,Sí,enabled,"Verificada por harness tests/verify-23-tools.mjs: apertura sin errores, entrada valida con resultado esperado, entrada invalida manejada, E2E UI con dialogo de resultado y cero errores de consola (157/157).",Criterio original no presente; habilitada.,Evidencia: artifacts/deep-audit/toolisto/TLT-certify-23-tools-evidence.json Certificada por harness tests/gate-e2e-text-tools.mjs (2026-08-07): TLT-certify-text-family-evidence.json.,Sí
csvToMarkdown,certified,Sí,enabled,"Verificada por harness tests/verify-23-tools.mjs: apertura sin errores, entrada valida con resultado esperado, entrada invalida manejada, E2E UI con dialogo de resultado y cero errores de consola (157/157).",Criterio original no presente; habilitada.,Evidencia: artifacts/deep-audit/toolisto/TLT-certify-23-tools-evidence.json SIN harness E2E dedicado (solo cobertura estructural).,Sí
csvToHtml,certified,Sí,enabled,"Verificada por harness tests/verify-23-tools.mjs: apertura sin errores, entrada valida con resultado esperado, entrada invalida manejada, E2E UI con dialogo de resultado y cero errores de consola (157/157).",Criterio original no presente; habilitada.,Evidencia: artifacts/deep-audit/toolisto/TLT-certify-23-tools-evidence.json SIN harness E2E dedicado (solo cobertura estructural).,Sí
csvToYaml,certified,Sí,enabled,"Verificada por harness tests/verify-23-tools.mjs: apertura sin errores, entrada valida con resultado esperado, entrada invalida manejada, E2E UI con dialogo de resultado y cero errores de consola (157/157).",Criterio original no presente; habilitada.,Evidencia: artifacts/deep-audit/toolisto/TLT-certify-23-tools-evidence.json SIN harness E2E dedicado (solo cobertura estructural).,Sí
excelToHtml,certified,Sí,enabled,"Verificada por harness tests/verify-23-tools.mjs: apertura sin errores, entrada valida con resultado esperado, entrada invalida manejada, E2E UI con dialogo de resultado y cero errores de consola (157/157).",Criterio original no presente; habilitada.,Evidencia: artifacts/deep-audit/toolisto/TLT-certify-23-tools-evidence.json SIN harness E2E dedicado (solo cobertura estructural).,Sí
excelToMarkdown,certified,Sí,enabled,"Verificada por harness tests/verify-23-tools.mjs: apertura sin errores, entrada valida con resultado esperado, entrada invalida manejada, E2E UI con dialogo de resultado y cero errores de consola (157/157).",Criterio original no presente; habilitada.,Evidencia: artifacts/deep-audit/toolisto/TLT-certify-23-tools-evidence.json SIN harness E2E dedicado (solo cobertura estructural).,Sí
xmlToExcel,certified,Sí,enabled,"Verificada por harness tests/verify-23-tools.mjs: apertura sin errores, entrada valida con resultado esperado, entrada invalida manejada, E2E UI con dialogo de resultado y cero errores de consola (157/157).",Criterio original no presente; habilitada.,Evidencia: artifacts/deep-audit/toolisto/TLT-certify-23-tools-evidence.json SIN harness E2E dedicado (solo cobertura estructural).,Sí
csvStatistics,certified,Sí,enabled,"Verificada por harness tests/verify-23-tools.mjs: apertura sin errores, entrada valida con resultado esperado, entrada invalida manejada, E2E UI con dialogo de resultado y cero errores de consola (157/157).",Criterio original no presente; habilitada.,Evidencia: artifacts/deep-audit/toolisto/TLT-certify-23-tools-evidence.json SIN harness E2E dedicado (solo cobertura estructural).,Sí
csvFilter,certified,Sí,enabled,"Verificada por harness tests/verify-23-tools.mjs: apertura sin errores, entrada valida con resultado esperado, entrada invalida manejada, E2E UI con dialogo de resultado y cero errores de consola (157/157).",Criterio original no presente; habilitada.,Evidencia: artifacts/deep-audit/toolisto/TLT-certify-23-tools-evidence.json SIN harness E2E dedicado (solo cobertura estructural).,Sí
csvSort,certified,Sí,enabled,"Verificada por harness tests/verify-23-tools.mjs: apertura sin errores, entrada valida con resultado esperado, entrada invalida manejada, E2E UI con dialogo de resultado y cero errores de consola (157/157).",Criterio original no presente; habilitada.,Evidencia: artifacts/deep-audit/toolisto/TLT-certify-23-tools-evidence.json SIN harness E2E dedicado (solo cobertura estructural).,Sí
csvToSql,certified,Sí,enabled,"Verificada por harness tests/verify-23-tools.mjs: apertura sin errores, entrada valida con resultado esperado, entrada invalida manejada, E2E UI con dialogo de resultado y cero errores de consola (157/157).",Criterio original no presente; habilitada.,Evidencia: artifacts/deep-audit/toolisto/TLT-certify-23-tools-evidence.json SIN harness E2E dedicado (solo cobertura estructural).,Sí
jsonFormatter,certified,Sí,enabled,"Verificada por harness tests/verify-23-tools.mjs: apertura sin errores, entrada valida con resultado esperado, entrada invalida manejada, E2E UI con dialogo de resultado y cero errores de consola (157/157).",Criterio original no presente; habilitada.,Evidencia: artifacts/deep-audit/toolisto/TLT-certify-23-tools-evidence.json SIN harness E2E dedicado (solo cobertura estructural).,Sí
excelToXml,certified,Sí,enabled,"Verificada por harness tests/verify-23-tools.mjs: apertura sin errores, entrada valida con resultado esperado, entrada invalida manejada, E2E UI con dialogo de resultado y cero errores de consola (157/157).",Criterio original no presente; habilitada.,Evidencia: artifacts/deep-audit/toolisto/TLT-certify-23-tools-evidence.json SIN harness E2E dedicado (solo cobertura estructural).,Sí
jsonValidator,certified,Sí,enabled,"Verificada por harness tests/verify-23-tools.mjs: apertura sin errores, entrada valida con resultado esperado, entrada invalida manejada, E2E UI con dialogo de resultado y cero errores de consola (157/157).",Criterio original no presente; habilitada.,Evidencia: artifacts/deep-audit/toolisto/TLT-certify-23-tools-evidence.json SIN harness E2E dedicado (solo cobertura estructural).,Sí
